<?xml version="1.0" encoding="iso-8859-2"?>
<structure>
 <type name="india">
        <char content="abcdefghijklmnopqrstuvwxyz"/>
        <char content="abcdefghijklmnopqrstuvwxyz"/>
        <char content="0123456789"/>
        <char content="0123456789"/>
        <char content="abcdefghijklmnopqrstuvwxyz"/>
        <char content="abcdefghijklmnopqrstuvwxyz"/>
        <char content="0123456789"/>
        <char content="0123456789"/>
        <char content="0123456789"/>
        <char content="0123456789"/>
    </type>

</structure>
